id,type,shortCode,caption,commentsCount,likesCount,timestamp,ownerUsername,url
3474497063336267669,Sidecar,DA35KuhS8-V,"Models....are we??
When the assignment goes ✅",26,112,2024-10-08T18:32:28.000Z,blu_es_,https://www.instagram.com/p/DA35KuhS8-V/
3503257864158899813,Sidecar,DCeEndlyO5l,When the sun finally shows up 😃👍,9,74,2024-11-17T10:55:02.000Z,blu_es_,https://www.instagram.com/p/DCeEndlyO5l/
3583931169190038942,Sidecar,DG8rmjvBc2e,"08.03.2025
एक दीन अपने पसंदीदा लोगो के संग ♡",12,76,2025-03-08T18:18:30.000Z,blu_es_,https://www.instagram.com/p/DG8rmjvBc2e/
3615172807535403360,Sidecar,DIrrIOyzKFg,"model :> Ishaa Gorai🩵(@blu_es_ )

#shotoni̇phone
edited using @lightroom",16,80,2025-04-20T20:50:03.000Z,mosambi.jpg,https://www.instagram.com/p/DIrrIOyzKFg/
3593370459804295833,Sidecar,DHeN2ULBGKZ,Blooming blossoms 🌸,11,85,2025-03-21T18:52:41.000Z,blu_es_,https://www.instagram.com/p/DHeN2ULBGKZ/
3582951601956252346,Sidecar,DG5M3-qBOq6,"07.03.2025.
The day I turned 20.
I am so grateful to have the people around me, always supporting and cheering me,these past few months have taught me a lot,A LOT, the incredible growth I have been through, the INCREDIBLE AMOUNT of LOVE I have received 😭😭😭💕.
All these make the 20th year incredibly more special to me and
 Growing into an adult?Yes.
 Will forever cherish these memories of mine!!!!!",14,82,2025-03-07T09:52:16.000Z,blu_es_,https://www.instagram.com/p/DG5M3-qBOq6/
3577709415954234252,Sidecar,DGmk8IfhbuM,"27.02.2025 ❄️🌨️
The day which turned into a core memory..!!
With the closest people of mine ♡ ♡
.
.
.
.
All captured by this pookie @why.so.craky",8,70,2025-02-28T04:16:59.000Z,blu_es_,https://www.instagram.com/p/DGmk8IfhbuM/
3610436248483083552,Sidecar,DIa2KObBzUg,"13.04.2025
Yesterday's dump !!!!!!!!
Tulips season so worth it 🌷☀️
My pookies are the best<3",18,90,2025-04-14T07:59:21.000Z,blu_es_,https://www.instagram.com/p/DIa2KObBzUg/
3559639502308077775,Sidecar,DFmYUR_hXDP,"yesterday's dump :P
pretty in sareee✨✨
hehe",24,88,2025-02-03T05:55:17.000Z,blu_es_,https://www.instagram.com/p/DFmYUR_hXDP/
3443305834607192639,Sidecar,C_JFGnEyqo_,"जन्माष्टमी का दिन 🌸🦚 !!
.
.
.
.
.

Thank youuu sweetie for such amazing pics 🙈 @addy_kini_",8,73,2024-08-26T17:41:03.000Z,blu_es_,https://www.instagram.com/p/C_JFGnEyqo_/
3466279027714281294,Sidecar,DAasmkbS89O,"So much happened.......
Enjoying every bit of it :D",1,81,2024-09-27T10:24:42.000Z,blu_es_,https://www.instagram.com/p/DAasmkbS89O/
3438246074161820454,Sidecar,C-3GpZ8y_Mm,"What a Lovely Day Out it was!!! 🎨 🖌️
Soooö much Fun :D
(It was burning tho throughout the day ಥ⁠‿⁠ಥ)",10,76,2024-08-19T18:08:13.000Z,blu_es_,https://www.instagram.com/p/C-3GpZ8y_Mm/
3301569592753345641,Sidecar,C3RiA1ZS1Rp,"Felt pretty🌸🌷🌱
.
.
.(enough for posting lol) 
.
.
.
 (⁠ ⁠ꈍ⁠ᴗ⁠ꈍ⁠)",14,89,2024-02-13T04:16:27.000Z,blu_es_,https://www.instagram.com/p/C3RiA1ZS1Rp/
3177050384250737523,Image,CwXJn3iyJNz,"Started doodling with Lamp shade🏮 
.
.
Ended up doing something inspired by studio Ghibli stills 🏞️
.
.
.
.
.
.
#artwork #ghiblistudio #dailyart",5,51,2023-08-25T08:59:00.000Z,blu_es_,https://www.instagram.com/p/CwXJn3iyJNz/
3308153246015237968,Sidecar,C3o69mTSy9Q,"Some Sketches over the time 🎨🖌️

╰⁠(⁠⸝⁠⸝⁠⸝⁠´⁠꒳⁠`⁠⸝⁠⸝⁠⸝⁠)⁠╯",9,65,2024-02-22T06:16:59.000Z,blu_es_,https://www.instagram.com/p/C3o69mTSy9Q/
3355515249574425934,Sidecar,C6RL1dZSjVO,"Reminiscing good old days in this scorching Heat💔
.
.
.",4,61,2024-04-27T14:36:50.000Z,blu_es_,https://www.instagram.com/p/C6RL1dZSjVO/
3429489736019606603,Sidecar,C-X_r6kS_xL,"Absolutely in love with these Photos 😭🙌
THE SKY LOOKS SO PERFECT",22,79,2024-08-07T16:10:56.000Z,blu_es_,https://www.instagram.com/p/C-X_r6kS_xL/
